customer_id,customer_type,industry_segment,city,state,pincode,region,branch_id,credit_limit,current_balance,payment_terms,customer_since,last_purchase_date,total_purchase_value,customer_rating
C0001,Retail,Construction,Kolkata,West Bengal,991035,East,KOL001,45896,43284,Advance,2024-04-10,2024-04-25,3892818,4
C0002,Fleet Owner,Manufacturing,Hyderabad,Telangana,464589,South,HYD001,531506,426735,Advance,2022-01-19,2024-12-04,3168730,2
C0003,Government,Logistics,Surat,Gujarat,202475,West,DEL001,1306933,733495,Net 30,2017-02-14,2019-06-11,3584708,2
C0004,Fleet Owner,Logistics,Chennai,Tamil Nadu,576213,South,CHN001,506336,250255,Net 30,2017-12-20,2021-12-26,3810635,3
C0005,Dealer,Construction,Ahmedabad,Gujarat,965661,West,AHM001,380783,183927,Net 30,2023-07-27,2024-02-17,1381374,2
C0006,Government,Construction,Ahmedabad,Gujarat,285013,West,AHM001,514827,303122,Net 60,2021-10-14,2022-05-10,4611391,3
C0007,Corporate,Manufacturing,Pune,Maharashtra,877890,West,PUN001,859003,565081,Net 45,2019-03-17,2021-04-22,2206425,4
C0008,Corporate,Logistics,Mumbai,Maharashtra,312047,West,HYD001,941092,934117,Net 60,2015-06-24,2017-09-09,4203147,1
C0009,Corporate,Rental,Ahmedabad,Gujarat,950501,West,AHM001,273316,231149,Net 60,2022-04-07,2023-09-12,3878607,4
C0010,Dealer,Construction,Chennai,Tamil Nadu,959539,South,CHN001,277717,105625,Net 30,2015-12-30,2024-03-29,3435041,5
C0011,Retail,Infrastructure,Vadodara,Gujarat,282489,West,KOL001,29130,4200,Net 60,2019-03-12,2023-07-30,4250550,4
C0012,Fleet Owner,Logistics,Chennai,Tamil Nadu,708470,South,CHN001,785687,30771,Advance,2020-08-11,2020-09-29,1907823,1
C0013,Dealer,Construction,Surat,Gujarat,771391,West,AHM001,425862,104029,Advance,2021-04-01,2023-07-26,4650371,2
C0014,Fleet Owner,Construction,Kolkata,West Bengal,941612,East,KOL001,611397,522294,Advance,2017-08-05,2020-03-21,2667580,2
C0015,Government,Rental,Pune,Maharashtra,817424,West,PUN001,790010,18560,Net 15,2019-09-15,2021-12-24,743809,2
C0016,Government,Rental,Ranchi,Jharkhand,585303,East,DEL001,1033243,195540,Net 45,2021-04-23,2022-09-16,1537940,4
C0017,Government,Infrastructure,Chennai,Tamil Nadu,543022,South,CHN001,1155360,986611,Net 15,2019-11-22,2023-06-26,3717743,1
C0018,Retail,Construction,Ahmedabad,Gujarat,794216,West,AHM001,49835,49052,Advance,2017-10-04,2019-03-29,4013703,2
C0019,Government,Logistics,Kolkata,West Bengal,843239,East,KOL001,678408,196058,Net 15,2024-04-14,2024-10-16,1569218,5
C0020,Dealer,Logistics,Kolkata,West Bengal,934911,East,KOL001,492285,202707,Advance,2018-11-20,2022-03-26,1512275,3
C0021,Corporate,Mining,Hyderabad,Telangana,379486,South,HYD001,856624,298508,Net 15,2022-11-02,2024-04-14,342978,5
C0022,Retail,Infrastructure,Chennai,Tamil Nadu,709255,South,CHN001,47651,19003,Net 60,2017-01-02,2022-12-30,656806,3
C0023,Corporate,Mining,Chennai,Tamil Nadu,740100,South,CHN001,274997,248491,Net 15,2022-09-15,2023-08-18,4392063,2
C0024,Dealer,Rental,Visakhapatnam,Andhra Pradesh,284172,South,CHN001,266822,86814,Net 60,2024-09-24,2024-09-28,2006684,4
C0025,Corporate,Infrastructure,Pune,Maharashtra,284754,West,PUN001,738335,521844,Net 45,2023-12-13,2024-12-03,2608470,2
C0026,Fleet Owner,Mining,Jaipur,Rajasthan,447412,North,HYD001,172621,3188,Net 60,2020-12-08,2021-06-16,2170635,5
C0027,Fleet Owner,Logistics,Surat,Gujarat,285613,West,AHM001,119712,6429,Net 45,2021-02-15,2022-12-19,1600300,1
C0028,Retail,Infrastructure,Bengaluru,Karnataka,826276,South,PUN001,45173,40670,Net 45,2022-05-08,2023-01-10,750179,3
C0029,Dealer,Construction,Visakhapatnam,Andhra Pradesh,286096,South,KOL001,403949,343364,Net 45,2023-01-25,2024-01-05,4358341,1
C0030,Corporate,Construction,Hyderabad,Telangana,489924,South,HYD001,501072,443634,Net 60,2022-03-08,2023-10-15,894269,5
C0031,Government,Mining,Kolkata,West Bengal,961003,East,KOL001,661950,182414,Advance,2021-04-12,2021-11-05,3122090,4
C0032,Government,Logistics,Ahmedabad,Gujarat,929331,West,AHM001,1262598,420821,Net 15,2017-04-27,2017-11-03,3119086,5
C0033,Government,Mining,Chennai,Tamil Nadu,128984,South,CHN001,655166,632856,Net 60,2022-09-24,2023-02-26,2424415,5
C0034,Government,Construction,Pune,Maharashtra,221907,West,PUN001,1033298,786303,Net 15,2022-12-08,2024-08-12,3426630,5
C0035,Dealer,Infrastructure,Indore,Madhya Pradesh,389014,Central,CHN001,333126,90011,Net 60,2017-08-27,2021-02-08,3142245,4
C0036,Fleet Owner,Construction,Kolkata,West Bengal,750964,East,KOL001,630421,352613,Net 60,2020-06-23,2021-06-23,2538621,2
C0037,Corporate,Construction,Pune,Maharashtra,107999,West,PUN001,330103,123365,Advance,2015-09-18,2024-02-17,4226235,1
C0038,Fleet Owner,Rental,Jaipur,Rajasthan,857662,North,DEL001,348040,45014,Net 15,2016-11-18,2024-05-08,2312858,1
C0039,Fleet Owner,Rental,Hyderabad,Telangana,839762,South,HYD001,343809,119070,Net 30,2016-11-19,2017-09-25,2142519,4
C0040,Government,Logistics,Delhi,Delhi,345064,North,DEL001,842290,805196,Net 15,2020-08-01,2023-07-17,197858,2
C0041,Government,Rental,Hyderabad,Telangana,157545,South,HYD001,592802,392894,Net 60,2019-08-17,2023-11-25,4396728,5
C0042,Fleet Owner,Rental,Chennai,Tamil Nadu,409446,South,CHN001,731768,472737,Net 15,2016-10-29,2023-07-20,628271,4
C0043,Corporate,Construction,Chennai,Tamil Nadu,483495,South,CHN001,387054,12548,Net 30,2019-07-21,2020-03-03,4247168,4
C0044,Government,Mining,Mumbai,Maharashtra,124682,West,KOL001,888707,663201,Advance,2016-03-08,2016-07-16,3471483,4
C0045,Corporate,Rental,Kolkata,West Bengal,213170,East,KOL001,495460,268927,Net 60,2015-08-11,2018-07-27,816124,4
C0046,Retail,Rental,Ahmedabad,Gujarat,720874,West,AHM001,14743,2408,Net 45,2017-12-28,2021-05-20,3306464,3
C0047,Corporate,Rental,Pune,Maharashtra,387067,West,PUN001,425838,329681,Net 60,2019-05-25,2021-03-31,2002741,5
C0048,Dealer,Mining,Hyderabad,Telangana,498148,South,HYD001,424609,267683,Net 45,2022-02-27,2023-03-20,1343490,3
C0049,Dealer,Manufacturing,Coimbatore,Tamil Nadu,873642,South,KOL001,116389,95867,Net 15,2023-03-10,2023-07-19,335974,5
C0050,Dealer,Mining,Kolkata,West Bengal,826336,East,KOL001,442160,257973,Net 30,2024-09-01,2024-09-15,260415,3
C0051,Retail,Infrastructure,Jaipur,Rajasthan,780612,North,AHM001,40307,777,Net 45,2020-08-17,2020-10-11,1435053,4
C0052,Government,Manufacturing,Guwahati,Assam,171541,North East,PUN001,1297924,695848,Net 30,2022-07-04,2023-11-21,2309339,2
C0053,Fleet Owner,Construction,Delhi,Delhi,322206,North,DEL001,406292,44107,Net 60,2023-10-28,2024-06-15,537419,5
C0054,Fleet Owner,Manufacturing,Chennai,Tamil Nadu,727073,South,CHN001,225508,149649,Net 15,2024-11-07,2024-12-03,3317237,2
C0055,Dealer,Construction,Delhi,Delhi,385106,North,DEL001,394514,195008,Net 45,2018-07-24,2020-06-13,4249581,1
C0056,Dealer,Mining,Delhi,Delhi,650523,North,DEL001,209877,191295,Advance,2022-09-23,2024-11-09,185969,4
C0057,Retail,Logistics,Kolkata,West Bengal,901485,East,KOL001,23289,4934,Net 45,2015-06-10,2016-08-05,351736,3
C0058,Retail,Infrastructure,Pune,Maharashtra,611091,West,PUN001,43362,11601,Net 15,2018-05-11,2019-05-15,1432761,3
C0059,Retail,Manufacturing,Hyderabad,Telangana,125825,South,HYD001,37344,31278,Net 30,2020-10-11,2023-01-25,1559869,3
C0060,Dealer,Mining,Hyderabad,Telangana,668980,South,HYD001,350950,129725,Net 60,2017-07-21,2023-08-07,4585170,1
C0061,Dealer,Construction,Surat,Gujarat,188154,West,HYD001,362037,167542,Net 45,2016-02-14,2017-02-18,4886642,4
C0062,Dealer,Construction,Hyderabad,Telangana,494980,South,HYD001,231418,123783,Net 60,2022-07-21,2022-09-15,3629984,1
C0063,Retail,Rental,Delhi,Delhi,131779,North,DEL001,26508,25298,Advance,2017-05-06,2020-11-30,3986012,5
C0064,Corporate,Manufacturing,Chandigarh,Punjab,316362,North,KOL001,577111,313205,Net 45,2017-01-19,2019-08-20,1314379,3
C0065,Corporate,Mining,Vadodara,Gujarat,922895,West,AHM001,464475,104333,Net 15,2022-08-29,2023-09-24,4160176,4
C0066,Retail,Manufacturing,Indore,Madhya Pradesh,249951,Central,HYD001,37976,5882,Net 60,2024-10-07,2024-10-08,647141,1
C0067,Retail,Manufacturing,Ahmedabad,Gujarat,248191,West,AHM001,34526,17171,Net 15,2015-04-30,2022-07-01,2190473,3
C0068,Retail,Mining,Delhi,Delhi,119344,North,DEL001,27354,3730,Advance,2016-09-07,2018-07-19,635533,1
C0069,Dealer,Logistics,Delhi,Delhi,308404,North,DEL001,413414,288815,Net 15,2021-09-12,2023-10-15,2973214,2
C0070,Government,Logistics,Ahmedabad,Gujarat,784913,West,AHM001,549454,84153,Net 30,2022-11-10,2024-12-04,4644233,3
C0071,Corporate,Rental,Jaipur,Rajasthan,142212,North,KOL001,735733,268163,Net 45,2015-12-28,2019-01-08,4056556,2
C0072,Government,Logistics,Pune,Maharashtra,616410,West,PUN001,1196826,1192089,Net 15,2018-08-05,2020-12-29,1975308,3
C0073,Corporate,Rental,Jaipur,Rajasthan,481812,North,CHN001,740385,319020,Advance,2020-11-09,2024-04-22,4805655,4
C0074,Fleet Owner,Infrastructure,Bhubaneswar,Odisha,528874,East,KOL001,259356,11327,Net 60,2018-08-08,2023-04-29,4658430,5
C0075,Retail,Mining,Hyderabad,Telangana,337495,South,HYD001,27094,12134,Net 45,2024-09-06,2024-10-18,2698471,5
C0076,Government,Mining,Chennai,Tamil Nadu,519609,South,CHN001,1094151,760549,Advance,2022-01-31,2022-10-14,818714,2
C0077,Corporate,Mining,Delhi,Delhi,524275,North,DEL001,715444,620984,Net 60,2016-07-14,2019-04-11,1799237,1
C0078,Dealer,Rental,Visakhapatnam,Andhra Pradesh,100171,South,HYD001,166204,71681,Net 30,2021-12-25,2022-06-06,1234883,1
C0079,Retail,Rental,Delhi,Delhi,933187,North,DEL001,28890,10702,Net 60,2024-12-15,2024-12-17,1665498,5
C0080,Retail,Mining,Chennai,Tamil Nadu,983221,South,CHN001,35201,14738,Net 45,2021-03-12,2023-05-07,177210,1
C0081,Corporate,Rental,Surat,Gujarat,306577,West,HYD001,208371,44941,Net 15,2017-02-22,2024-10-25,1205918,1
C0082,Fleet Owner,Manufacturing,Ahmedabad,Gujarat,312226,West,AHM001,432697,104648,Net 60,2022-01-17,2022-11-01,811036,3
C0083,Dealer,Infrastructure,Delhi,Delhi,805317,North,DEL001,214857,64003,Net 45,2018-08-06,2024-02-24,4590589,2
C0084,Corporate,Logistics,Pune,Maharashtra,924540,West,PUN001,522422,458160,Net 60,2021-11-03,2023-04-03,1491828,3
C0085,Retail,Mining,Chennai,Tamil Nadu,282877,South,CHN001,18145,7599,Net 45,2022-10-03,2024-08-14,3457748,4
C0086,Retail,Construction,Ahmedabad,Gujarat,202859,West,AHM001,32547,1770,Net 60,2022-04-12,2024-11-14,2265500,3
C0087,Government,Logistics,Hyderabad,Telangana,189834,South,HYD001,831098,749605,Net 60,2019-10-04,2023-01-17,2260653,3
C0088,Corporate,Infrastructure,Pune,Maharashtra,116697,West,PUN001,516553,272170,Net 45,2024-01-19,2024-03-14,291167,1
C0089,Corporate,Rental,Surat,Gujarat,783228,West,AHM001,930006,400599,Net 30,2016-09-25,2023-06-23,2263002,4
C0090,Government,Infrastructure,Delhi,Delhi,488784,North,DEL001,1009986,294069,Net 15,2018-08-05,2020-12-18,3919579,1
C0091,Retail,Construction,Coimbatore,Tamil Nadu,581169,South,PUN001,48920,2123,Net 45,2023-11-14,2024-01-13,835313,2
C0092,Fleet Owner,Logistics,Ahmedabad,Gujarat,800524,West,AHM001,532908,244201,Advance,2022-07-25,2022-07-29,4269454,2
C0093,Dealer,Manufacturing,Chennai,Tamil Nadu,124296,South,CHN001,447924,287318,Advance,2018-07-04,2024-02-29,1142406,2
C0094,Corporate,Logistics,Pune,Maharashtra,160481,West,PUN001,206889,166058,Advance,2021-08-18,2023-04-18,4632902,4
C0095,Fleet Owner,Logistics,Nagpur,Maharashtra,837531,West,AHM001,207876,37163,Net 45,2023-06-13,2024-09-26,640860,3
C0096,Corporate,Construction,Chennai,Tamil Nadu,995104,South,CHN001,401903,200385,Net 15,2024-04-05,2024-07-18,2592486,3
C0097,Corporate,Construction,Pune,Maharashtra,568469,West,PUN001,351063,253,Net 15,2021-05-12,2021-08-26,625269,5
C0098,Corporate,Mining,Kolkata,West Bengal,781086,East,KOL001,270655,236169,Net 30,2022-02-21,2022-09-25,1053964,1
C0099,Fleet Owner,Rental,Visakhapatnam,Andhra Pradesh,590720,South,PUN001,601814,62089,Advance,2017-05-17,2017-07-09,3095853,4
C0100,Government,Construction,Chandigarh,Punjab,879077,North,KOL001,504876,56494,Net 30,2015-02-01,2023-02-18,1486297,3
C0101,Corporate,Logistics,Chennai,Tamil Nadu,880044,South,CHN001,242777,155072,Net 60,2021-02-06,2023-11-09,3764603,5
C0102,Government,Infrastructure,Patna,Bihar,136431,East,KOL001,1221840,547151,Net 60,2017-02-13,2017-10-01,84593,4
C0103,Dealer,Infrastructure,Coimbatore,Tamil Nadu,642152,South,KOL001,167168,77679,Net 45,2017-11-07,2019-04-29,2708361,4
C0104,Fleet Owner,Infrastructure,Visakhapatnam,Andhra Pradesh,162374,South,KOL001,318210,213321,Net 60,2022-01-24,2024-04-19,2593702,1
C0105,Government,Logistics,Delhi,Delhi,902393,North,DEL001,1275897,228879,Net 60,2021-07-14,2021-11-15,1776281,4
C0106,Dealer,Infrastructure,Indore,Madhya Pradesh,673585,Central,PUN001,223855,212350,Advance,2023-09-02,2024-05-08,3849736,2
C0107,Fleet Owner,Construction,Delhi,Delhi,932132,North,DEL001,412425,152905,Net 30,2018-06-21,2019-10-30,531239,1
C0108,Corporate,Rental,Jaipur,Rajasthan,714573,North,AHM001,676059,420507,Advance,2015-09-22,2017-10-27,58616,4
C0109,Retail,Mining,Chennai,Tamil Nadu,664341,South,CHN001,47756,11043,Net 15,2016-08-02,2021-11-06,3882314,1
C0110,Dealer,Logistics,Indore,Madhya Pradesh,289300,Central,CHN001,107758,68824,Advance,2023-03-12,2024-04-12,2907580,5
C0111,Corporate,Construction,Chennai,Tamil Nadu,684594,South,CHN001,332240,18012,Net 15,2015-04-16,2019-09-29,2153109,3
C0112,Fleet Owner,Mining,Hyderabad,Telangana,380991,South,HYD001,389833,373500,Net 45,2022-10-17,2023-05-03,2218717,2
C0113,Corporate,Logistics,Chennai,Tamil Nadu,282300,South,CHN001,965190,17579,Advance,2020-01-31,2024-03-11,1515978,2
C0114,Retail,Mining,Kolkata,West Bengal,803431,East,KOL001,42285,6186,Net 30,2017-05-18,2017-12-04,3300741,4
C0115,Fleet Owner,Mining,Visakhapatnam,Andhra Pradesh,680585,South,KOL001,666395,628219,Net 30,2017-07-20,2022-07-02,4264926,5
C0116,Dealer,Construction,Delhi,Delhi,324913,North,DEL001,480944,340796,Net 45,2020-12-27,2023-06-09,3820954,1
C0117,Government,Mining,Guwahati,Assam,366951,North East,AHM001,856033,284259,Net 60,2024-02-28,2024-10-13,4687194,3
C0118,Retail,Rental,Chennai,Tamil Nadu,656306,South,CHN001,40651,8239,Net 60,2021-08-11,2023-10-04,3595688,4
C0119,Government,Manufacturing,Surat,Gujarat,626582,West,DEL001,1079453,124485,Net 60,2016-10-29,2020-06-12,4897663,4
C0120,Fleet Owner,Construction,Bengaluru,Karnataka,104933,South,HYD001,416429,90596,Net 30,2024-12-04,2024-12-24,1701064,5
C0121,Government,Construction,Pune,Maharashtra,535959,West,PUN001,690836,432165,Net 30,2020-03-13,2020-05-15,826164,2
C0122,Dealer,Rental,Guwahati,Assam,548804,North East,KOL001,351917,4859,Advance,2024-05-05,2024-07-05,1693028,2
C0123,Corporate,Infrastructure,Kolkata,West Bengal,313334,East,KOL001,574353,239735,Net 30,2019-10-22,2022-12-13,903655,3
C0124,Dealer,Construction,Pune,Maharashtra,954241,West,PUN001,211359,167163,Net 60,2016-09-16,2019-02-01,91892,3
C0125,Government,Mining,Surat,Gujarat,111490,West,HYD001,557944,302970,Advance,2016-12-10,2020-02-06,4071885,4
C0126,Dealer,Manufacturing,Hyderabad,Telangana,766274,South,HYD001,473103,222292,Net 15,2017-11-24,2024-05-14,1874540,4
C0127,Government,Construction,Kolkata,West Bengal,627620,East,KOL001,1030275,912169,Net 45,2015-01-29,2015-05-24,2283915,1
C0128,Retail,Mining,Ahmedabad,Gujarat,965010,West,AHM001,39121,16592,Net 60,2021-08-17,2021-11-12,2739989,1
C0129,Corporate,Mining,Delhi,Delhi,445191,North,DEL001,902420,248703,Net 45,2017-11-23,2024-04-23,2642104,5
C0130,Government,Mining,Pune,Maharashtra,612321,West,PUN001,1196003,228242,Net 45,2021-05-09,2024-02-10,2555190,1
C0131,Corporate,Rental,Hyderabad,Telangana,887308,South,HYD001,215893,70818,Advance,2020-12-18,2021-09-24,2861196,2
C0132,Corporate,Construction,Indore,Madhya Pradesh,771646,Central,PUN001,604969,495963,Net 30,2022-09-03,2023-07-06,3330795,2
C0133,Government,Mining,Visakhapatnam,Andhra Pradesh,104928,South,AHM001,1144779,737832,Net 15,2019-05-14,2020-07-16,228970,1
C0134,Fleet Owner,Infrastructure,Ahmedabad,Gujarat,184086,West,AHM001,369606,281323,Net 60,2024-06-15,2024-09-03,106603,5
C0135,Retail,Rental,Bengaluru,Karnataka,319245,South,DEL001,21372,14639,Net 60,2017-10-17,2019-05-13,4735393,2
C0136,Dealer,Mining,Ahmedabad,Gujarat,484274,West,AHM001,425042,208808,Advance,2020-11-06,2022-11-06,1156374,3
C0137,Dealer,Infrastructure,Chennai,Tamil Nadu,488304,South,CHN001,257346,114551,Net 15,2015-11-19,2022-01-10,4333759,5
C0138,Corporate,Mining,Hyderabad,Telangana,815324,South,HYD001,251506,244794,Advance,2016-08-14,2024-06-19,3899099,5
C0139,Government,Mining,Ahmedabad,Gujarat,910628,West,AHM001,825908,770729,Net 15,2023-09-11,2024-02-23,3350093,2
C0140,Retail,Logistics,Pune,Maharashtra,452595,West,PUN001,14401,7550,Net 60,2018-04-03,2022-06-23,230868,3
C0141,Corporate,Rental,Ahmedabad,Gujarat,440283,West,AHM001,742629,317916,Net 60,2024-08-04,2024-08-09,2791818,4
C0142,Retail,Manufacturing,Ahmedabad,Gujarat,524964,West,AHM001,34620,17030,Net 60,2023-02-23,2023-05-10,313540,1
C0143,Corporate,Infrastructure,Chennai,Tamil Nadu,720599,South,CHN001,915191,549312,Net 45,2017-11-08,2024-11-07,4811798,3
C0144,Fleet Owner,Construction,Mumbai,Maharashtra,147938,West,AHM001,578368,178549,Net 60,2022-10-16,2023-07-15,3983009,2
C0145,Retail,Construction,Pune,Maharashtra,886110,West,PUN001,49522,23237,Net 45,2024-03-24,2024-12-27,1980757,3
C0146,Retail,Mining,Ahmedabad,Gujarat,203865,West,AHM001,21418,15972,Net 60,2024-07-01,2024-11-08,2945376,3
C0147,Dealer,Rental,Delhi,Delhi,353139,North,DEL001,363902,291538,Net 45,2017-03-13,2019-06-27,4082486,5
C0148,Government,Construction,Coimbatore,Tamil Nadu,967586,South,AHM001,1202629,329492,Net 15,2018-03-18,2021-05-14,1543704,4
C0149,Government,Manufacturing,Surat,Gujarat,676298,West,AHM001,1227707,1171024,Advance,2020-04-16,2021-06-09,1112095,3
C0150,Fleet Owner,Manufacturing,Ahmedabad,Gujarat,263625,West,AHM001,197605,127111,Net 45,2022-02-13,2024-03-09,1563280,5
C0151,Government,Infrastructure,Kolkata,West Bengal,685218,East,KOL001,1163117,166210,Net 45,2016-07-10,2022-10-29,3147295,5
C0152,Corporate,Manufacturing,Chennai,Tamil Nadu,788763,South,CHN001,227415,135210,Net 15,2022-11-27,2023-02-02,2992750,2
C0153,Retail,Rental,Patna,Bihar,985883,East,PUN001,32014,27630,Net 30,2017-10-01,2020-08-07,3627158,4
C0154,Fleet Owner,Logistics,Delhi,Delhi,206289,North,DEL001,305293,279000,Net 15,2018-10-04,2022-04-08,1437951,5
C0155,Fleet Owner,Mining,Kolkata,West Bengal,439584,East,KOL001,393453,245382,Net 30,2015-03-11,2017-03-13,3078557,5
C0156,Government,Manufacturing,Chennai,Tamil Nadu,878341,South,CHN001,1032586,173071,Net 15,2022-02-17,2022-10-31,11208,5
C0157,Dealer,Infrastructure,Chandigarh,Punjab,516471,North,PUN001,315705,130064,Advance,2018-03-03,2021-05-01,1176839,1
C0158,Corporate,Infrastructure,Kolkata,West Bengal,285359,East,KOL001,516521,146194,Advance,2019-12-23,2020-09-04,194901,2
C0159,Dealer,Construction,Chennai,Tamil Nadu,811758,South,CHN001,332595,67368,Net 45,2019-10-10,2024-03-05,1251056,3
C0160,Retail,Rental,Ahmedabad,Gujarat,522290,West,AHM001,45628,6888,Advance,2022-06-16,2022-09-18,94108,2
C0161,Dealer,Mining,Ahmedabad,Gujarat,257060,West,AHM001,404774,243701,Net 45,2022-03-19,2023-01-02,3287439,4
C0162,Retail,Mining,Kolkata,West Bengal,595022,East,KOL001,21937,2738,Net 15,2015-04-10,2018-04-04,665853,4
C0163,Dealer,Logistics,Ahmedabad,Gujarat,539428,West,AHM001,492794,476585,Net 45,2019-10-07,2024-02-17,702108,5
C0164,Government,Construction,Delhi,Delhi,810967,North,DEL001,1454565,1435105,Net 45,2015-04-14,2015-09-14,3515825,4
C0165,Fleet Owner,Manufacturing,Delhi,Delhi,776039,North,DEL001,364580,79115,Net 60,2018-09-29,2023-09-24,359295,4
C0166,Fleet Owner,Manufacturing,Ahmedabad,Gujarat,768066,West,AHM001,735924,576566,Net 60,2015-10-23,2022-11-09,4539952,2
C0167,Retail,Mining,Vadodara,Gujarat,806379,West,HYD001,34602,32450,Net 30,2018-09-25,2021-05-03,4156146,4
C0168,Dealer,Infrastructure,Pune,Maharashtra,986643,West,PUN001,238781,189804,Net 60,2022-12-18,2024-10-28,5173,1
C0169,Fleet Owner,Construction,Ahmedabad,Gujarat,547259,West,AHM001,693290,315019,Net 30,2017-06-15,2017-07-02,148337,4
C0170,Government,Construction,Bengaluru,Karnataka,342998,South,HYD001,1285103,765704,Net 30,2017-06-15,2017-08-20,2459352,4
C0171,Fleet Owner,Construction,Chennai,Tamil Nadu,108110,South,CHN001,687863,7826,Net 15,2018-06-27,2021-03-07,2695697,3
C0172,Dealer,Manufacturing,Bengaluru,Karnataka,683791,South,CHN001,425290,197440,Advance,2024-03-10,2024-11-27,3227438,1
C0173,Retail,Logistics,Chennai,Tamil Nadu,505125,South,CHN001,22198,3421,Net 30,2019-07-20,2021-06-29,3851377,1
C0174,Government,Mining,Ahmedabad,Gujarat,595084,West,AHM001,1316961,123349,Advance,2016-01-11,2022-10-15,2089017,2
C0175,Fleet Owner,Rental,Kolkata,West Bengal,686878,East,KOL001,222980,209069,Advance,2016-11-01,2020-04-11,3075188,5
C0176,Dealer,Logistics,Chennai,Tamil Nadu,130257,South,CHN001,397313,332315,Net 15,2018-07-07,2019-01-28,1114897,2
C0177,Dealer,Construction,Pune,Maharashtra,199601,West,PUN001,100097,9054,Net 45,2015-02-17,2024-09-20,3335460,1
C0178,Dealer,Logistics,Kolkata,West Bengal,126267,East,KOL001,178736,135022,Net 60,2015-07-14,2022-02-11,1292074,1
C0179,Government,Infrastructure,Chennai,Tamil Nadu,436985,South,CHN001,630635,213290,Net 30,2016-09-20,2017-09-12,4047164,3
C0180,Fleet Owner,Logistics,Hyderabad,Telangana,392288,South,HYD001,747590,313557,Net 60,2023-08-09,2024-04-12,3232689,3
C0181,Government,Construction,Vadodara,Gujarat,843795,West,PUN001,766249,475114,Net 30,2019-06-25,2022-12-28,561545,5
C0182,Dealer,Infrastructure,Kolkata,West Bengal,726446,East,KOL001,298476,237412,Net 45,2024-08-25,2024-10-21,2393122,5
C0183,Government,Mining,Ahmedabad,Gujarat,193740,West,AHM001,1225772,731224,Net 30,2022-12-11,2023-07-14,4822088,4
C0184,Retail,Rental,Chennai,Tamil Nadu,367157,South,CHN001,47652,2668,Net 15,2023-06-13,2023-11-10,3669942,3
C0185,Dealer,Logistics,Pune,Maharashtra,995364,West,PUN001,210864,117546,Advance,2019-09-23,2023-02-15,848272,5
C0186,Fleet Owner,Infrastructure,Kolkata,West Bengal,876712,East,KOL001,198216,73566,Net 30,2017-05-16,2020-11-12,1198787,3
C0187,Retail,Rental,Jaipur,Rajasthan,702667,North,CHN001,42105,40074,Net 60,2019-03-14,2024-01-26,1487197,1
C0188,Corporate,Logistics,Pune,Maharashtra,327913,West,PUN001,261082,245715,Net 30,2019-12-26,2021-04-21,1227086,4
C0189,Government,Manufacturing,Visakhapatnam,Andhra Pradesh,371474,South,KOL001,1168432,250217,Net 60,2018-04-20,2023-04-11,1504371,4
C0190,Retail,Manufacturing,Jaipur,Rajasthan,273393,North,CHN001,49811,31087,Net 60,2018-12-03,2022-10-20,3442416,1
C0191,Corporate,Manufacturing,Visakhapatnam,Andhra Pradesh,610819,South,KOL001,615994,569076,Net 30,2015-02-09,2024-08-01,970591,2
C0192,Fleet Owner,Logistics,Patna,Bihar,107267,East,DEL001,476705,231421,Net 45,2023-09-26,2023-10-30,3021209,2
C0193,Dealer,Infrastructure,Vadodara,Gujarat,352886,West,CHN001,495310,178591,Advance,2015-11-12,2023-02-18,327831,4
C0194,Fleet Owner,Construction,Visakhapatnam,Andhra Pradesh,616720,South,CHN001,380469,167449,Net 60,2024-09-25,2024-11-22,2980278,1
C0195,Fleet Owner,Logistics,Kolkata,West Bengal,329084,East,KOL001,389773,149217,Advance,2024-05-03,2024-05-26,1929349,2
C0196,Fleet Owner,Rental,Guwahati,Assam,152033,North East,KOL001,318408,222601,Net 60,2021-05-24,2024-03-05,2334321,3
C0197,Government,Manufacturing,Ahmedabad,Gujarat,213947,West,AHM001,1385304,201035,Net 45,2024-06-25,2024-09-24,3530774,2
C0198,Government,Mining,Ahmedabad,Gujarat,669276,West,AHM001,1493816,273190,Net 60,2019-02-28,2023-08-17,2581536,2
C0199,Government,Mining,Ahmedabad,Gujarat,650137,West,AHM001,666213,506832,Net 45,2023-01-13,2023-04-28,1299030,3
C0200,Retail,Logistics,Ranchi,Jharkhand,434563,East,DEL001,12816,11546,Net 45,2016-05-04,2020-12-26,4624732,2
C0201,Dealer,Infrastructure,Chennai,Tamil Nadu,870081,South,CHN001,468119,467851,Net 15,2024-10-23,2024-12-24,2973193,4
C0202,Government,Logistics,Chandigarh,Punjab,163456,North,AHM001,1402130,532821,Net 60,2020-05-05,2021-09-23,510209,4
C0203,Government,Manufacturing,Ahmedabad,Gujarat,821402,West,AHM001,1101577,142383,Net 30,2019-07-25,2024-02-19,2362351,1
C0204,Retail,Rental,Coimbatore,Tamil Nadu,439537,South,HYD001,20298,7042,Advance,2019-10-21,2022-01-04,3043085,2
C0205,Retail,Construction,Lucknow,Uttar Pradesh,190526,North,CHN001,45755,34257,Net 30,2021-01-08,2023-07-21,3302110,2
C0206,Retail,Construction,Pune,Maharashtra,741792,West,PUN001,29675,24913,Advance,2021-03-08,2023-11-15,4652818,3
C0207,Corporate,Rental,Kolkata,West Bengal,630478,East,KOL001,463240,70498,Net 30,2020-12-23,2022-11-12,2567329,1
C0208,Fleet Owner,Logistics,Jaipur,Rajasthan,603127,North,KOL001,737567,537907,Net 45,2015-02-26,2016-12-20,4909280,4
C0209,Corporate,Infrastructure,Ranchi,Jharkhand,785923,East,CHN001,834417,590973,Advance,2021-08-07,2022-01-17,4243326,5
C0210,Retail,Infrastructure,Pune,Maharashtra,692562,West,PUN001,11789,1490,Net 45,2016-09-28,2017-09-13,292734,2
C0211,Fleet Owner,Manufacturing,Hyderabad,Telangana,999725,South,HYD001,323531,251580,Net 15,2016-04-18,2021-03-20,1923277,1
C0212,Retail,Infrastructure,Guwahati,Assam,844078,North East,PUN001,24433,23440,Net 15,2024-11-17,2024-12-11,4772583,4
C0213,Fleet Owner,Rental,Mumbai,Maharashtra,422969,West,PUN001,192184,161419,Net 15,2020-03-05,2022-01-17,1009507,4
C0214,Corporate,Rental,Pune,Maharashtra,344501,West,PUN001,583212,447435,Net 45,2022-05-20,2023-08-02,2786626,4
C0215,Corporate,Rental,Chennai,Tamil Nadu,660391,South,CHN001,647280,121034,Net 15,2017-02-23,2018-04-21,1014426,5
C0216,Government,Mining,Kolkata,West Bengal,633472,East,KOL001,1360073,1039649,Advance,2023-01-18,2024-11-25,4776546,1
C0217,Corporate,Infrastructure,Delhi,Delhi,475084,North,DEL001,777454,325192,Net 60,2020-07-30,2022-12-08,2663413,5
C0218,Fleet Owner,Construction,Nagpur,Maharashtra,824859,West,PUN001,635931,456436,Advance,2018-12-15,2020-02-19,1288773,5
C0219,Government,Manufacturing,Pune,Maharashtra,531537,West,PUN001,1072558,185057,Net 60,2024-09-26,2024-12-25,2936698,2
C0220,Government,Infrastructure,Indore,Madhya Pradesh,405535,Central,KOL001,1116238,93524,Net 60,2016-03-22,2016-04-23,784364,2
C0221,Dealer,Logistics,Delhi,Delhi,880083,North,DEL001,244567,24830,Net 45,2020-01-02,2023-10-13,1705101,5
C0222,Fleet Owner,Logistics,Delhi,Delhi,317831,North,DEL001,501339,373637,Net 30,2024-01-01,2024-07-31,2874716,5
C0223,Corporate,Logistics,Ahmedabad,Gujarat,451562,West,AHM001,681810,584759,Advance,2021-07-23,2022-10-05,3419466,1
C0224,Retail,Manufacturing,Kolkata,West Bengal,840828,East,KOL001,11280,3718,Net 60,2019-04-20,2022-01-21,494766,3
C0225,Fleet Owner,Logistics,Delhi,Delhi,911964,North,DEL001,431855,283635,Advance,2018-12-04,2020-11-25,3661909,5
C0226,Dealer,Logistics,Ahmedabad,Gujarat,434315,West,AHM001,400547,150512,Net 30,2024-10-18,2024-11-22,2292193,5
C0227,Fleet Owner,Infrastructure,Kolkata,West Bengal,118712,East,KOL001,282190,210075,Advance,2019-12-10,2023-11-10,1055642,1
C0228,Government,Construction,Chennai,Tamil Nadu,380667,South,CHN001,1026411,1025544,Net 30,2015-08-11,2024-03-08,3816135,3
C0229,Government,Mining,Patna,Bihar,403433,East,HYD001,543686,47129,Net 45,2015-01-18,2024-05-17,875835,3
C0230,Dealer,Infrastructure,Delhi,Delhi,178535,North,DEL001,271689,146416,Net 15,2018-10-14,2024-03-30,2269188,5
C0231,Government,Infrastructure,Pune,Maharashtra,149155,West,PUN001,903218,113383,Net 15,2023-11-27,2024-01-06,2477900,4
C0232,Government,Mining,Chennai,Tamil Nadu,981160,South,CHN001,1074153,787541,Advance,2022-10-30,2023-05-05,2355536,1
C0233,Government,Logistics,Kolkata,West Bengal,950360,East,KOL001,1146772,306186,Net 45,2023-11-15,2024-04-22,1296434,3
C0234,Corporate,Infrastructure,Surat,Gujarat,429895,West,CHN001,418214,52828,Net 15,2016-06-26,2020-03-07,1851912,2
C0235,Fleet Owner,Mining,Bhubaneswar,Odisha,919447,East,CHN001,417861,387266,Net 30,2018-01-05,2019-08-30,3309962,5
C0236,Corporate,Mining,Mumbai,Maharashtra,743372,West,KOL001,413027,200865,Net 15,2015-06-24,2020-05-27,120322,1
C0237,Dealer,Infrastructure,Coimbatore,Tamil Nadu,484599,South,HYD001,488722,178656,Advance,2015-05-15,2021-05-10,2071543,5
C0238,Corporate,Construction,Chennai,Tamil Nadu,730550,South,CHN001,299342,40569,Net 15,2020-10-12,2024-12-22,2171060,5
C0239,Government,Logistics,Chennai,Tamil Nadu,930958,South,CHN001,1361502,566279,Net 60,2023-05-22,2023-08-23,3774828,4
C0240,Corporate,Manufacturing,Hyderabad,Telangana,807573,South,HYD001,695741,453727,Net 30,2020-02-21,2024-12-07,3665934,1
C0241,Government,Construction,Ahmedabad,Gujarat,948377,West,AHM001,973243,304765,Net 60,2015-12-23,2021-10-25,2987420,1
C0242,Government,Construction,Chennai,Tamil Nadu,693852,South,CHN001,568255,46526,Advance,2018-07-14,2021-05-04,1948177,3
C0243,Government,Construction,Delhi,Delhi,405181,North,DEL001,1271592,1157997,Net 60,2015-05-28,2023-09-03,4834474,3
C0244,Government,Logistics,Lucknow,Uttar Pradesh,401550,North,KOL001,1113022,736516,Net 60,2023-10-29,2024-09-05,2870228,3
C0245,Dealer,Logistics,Chennai,Tamil Nadu,925301,South,CHN001,204820,16669,Advance,2022-01-18,2022-09-28,4185887,2
C0246,Retail,Manufacturing,Delhi,Delhi,208201,North,DEL001,31917,9359,Net 30,2024-06-29,2024-10-18,1740268,2
C0247,Corporate,Logistics,Bhubaneswar,Odisha,837357,East,AHM001,294502,230829,Net 45,2016-09-28,2022-08-17,2560360,2
C0248,Fleet Owner,Rental,Pune,Maharashtra,251319,West,PUN001,635210,15754,Net 30,2022-07-27,2023-06-02,4439748,5
C0249,Corporate,Construction,Ahmedabad,Gujarat,934964,West,AHM001,817572,617949,Net 45,2016-05-18,2016-06-10,3479717,4
C0250,Government,Infrastructure,Patna,Bihar,310510,East,PUN001,886619,515833,Advance,2024-07-27,2024-10-18,3120581,2
C0251,Dealer,Mining,Chandigarh,Punjab,557054,North,CHN001,325375,94574,Advance,2016-06-05,2024-04-13,4180700,4
C0252,Retail,Construction,Chennai,Tamil Nadu,159891,South,CHN001,19663,14945,Net 45,2024-02-01,2024-09-13,3401892,2
C0253,Retail,Rental,Pune,Maharashtra,549142,West,PUN001,43197,9387,Net 60,2020-07-18,2021-05-19,2607057,2
C0254,Dealer,Mining,Ahmedabad,Gujarat,210987,West,AHM001,194781,184262,Advance,2018-08-27,2023-06-14,2294446,5
C0255,Retail,Infrastructure,Chennai,Tamil Nadu,705539,South,CHN001,22302,1943,Net 15,2023-06-16,2024-08-27,2180685,4
C0256,Corporate,Infrastructure,Guwahati,Assam,912402,North East,PUN001,930018,60762,Net 45,2023-09-18,2024-04-06,1637518,4
C0257,Corporate,Logistics,Delhi,Delhi,140316,North,DEL001,443957,112531,Net 45,2019-05-15,2024-10-27,4206921,1
C0258,Corporate,Mining,Chennai,Tamil Nadu,757663,South,CHN001,299133,238697,Net 60,2023-02-12,2024-12-08,3042075,2
C0259,Fleet Owner,Logistics,Coimbatore,Tamil Nadu,371860,South,CHN001,326836,313932,Net 15,2018-05-11,2021-08-25,4345818,1
C0260,Dealer,Logistics,Hyderabad,Telangana,271865,South,HYD001,127019,19787,Net 45,2018-11-22,2020-03-07,589723,5
C0261,Dealer,Manufacturing,Delhi,Delhi,852930,North,DEL001,164597,79881,Advance,2016-03-14,2022-01-24,2983035,5
C0262,Corporate,Logistics,Delhi,Delhi,956733,North,DEL001,476523,424625,Net 15,2018-10-04,2024-11-07,3067572,4
C0263,Government,Rental,Chennai,Tamil Nadu,240336,South,CHN001,907695,500438,Net 60,2021-05-09,2022-01-26,1348702,3
C0264,Retail,Infrastructure,Pune,Maharashtra,332821,West,PUN001,35955,35640,Net 60,2023-12-16,2024-10-19,3942951,4
C0265,Retail,Mining,Ahmedabad,Gujarat,603834,West,AHM001,18495,6434,Advance,2023-02-10,2023-09-20,425963,1
C0266,Fleet Owner,Rental,Bengaluru,Karnataka,336885,South,CHN001,196336,54211,Advance,2020-02-07,2023-12-07,2913490,4
C0267,Fleet Owner,Infrastructure,Hyderabad,Telangana,730438,South,HYD001,253236,64982,Net 60,2022-02-15,2024-11-19,4998438,3
C0268,Government,Mining,Pune,Maharashtra,718875,West,PUN001,1168032,365651,Net 60,2021-05-09,2024-12-17,3247413,3
C0269,Government,Mining,Chennai,Tamil Nadu,246070,South,CHN001,1060345,618,Net 15,2015-07-06,2022-01-13,1979371,1
C0270,Corporate,Manufacturing,Delhi,Delhi,949866,North,DEL001,711134,413227,Net 30,2015-07-25,2022-07-05,1450807,2
C0271,Corporate,Infrastructure,Hyderabad,Telangana,384835,South,HYD001,399363,217846,Net 30,2022-01-16,2024-08-23,3506003,5
C0272,Government,Construction,Delhi,Delhi,524103,North,DEL001,963398,856171,Net 45,2024-10-24,2024-11-29,452029,1
C0273,Dealer,Manufacturing,Kolkata,West Bengal,813669,East,KOL001,181148,167313,Advance,2022-10-08,2024-04-06,3745394,1
C0274,Dealer,Mining,Jaipur,Rajasthan,586594,North,CHN001,463140,127143,Net 60,2021-05-17,2022-12-04,2245149,3
C0275,Fleet Owner,Construction,Vadodara,Gujarat,874695,West,AHM001,651275,262408,Net 15,2022-10-29,2022-12-10,4940277,5
C0276,Dealer,Manufacturing,Indore,Madhya Pradesh,876391,Central,KOL001,337657,283507,Net 45,2024-03-11,2024-09-30,4402182,3
C0277,Dealer,Logistics,Surat,Gujarat,942267,West,PUN001,430878,302093,Net 60,2017-04-25,2021-02-04,3095457,1
C0278,Fleet Owner,Logistics,Ahmedabad,Gujarat,527765,West,AHM001,312177,50733,Net 45,2019-11-25,2024-03-10,899867,4
C0279,Dealer,Rental,Nagpur,Maharashtra,221447,West,CHN001,105022,100986,Advance,2019-06-26,2019-09-05,4525943,4
C0280,Corporate,Construction,Pune,Maharashtra,751218,West,PUN001,252022,26117,Advance,2015-03-25,2022-04-21,3250199,4
C0281,Government,Logistics,Visakhapatnam,Andhra Pradesh,222005,South,KOL001,1088567,176124,Net 60,2023-11-15,2024-08-06,3812879,4
C0282,Government,Logistics,Kolkata,West Bengal,718268,East,KOL001,1271863,328689,Advance,2021-01-25,2023-01-07,275746,2
C0283,Retail,Logistics,Jaipur,Rajasthan,319681,North,CHN001,11744,10481,Net 30,2021-01-29,2023-03-05,923830,1
C0284,Corporate,Manufacturing,Kolkata,West Bengal,662773,East,KOL001,948858,247207,Net 60,2018-05-25,2021-06-15,680629,1
C0285,Government,Infrastructure,Pune,Maharashtra,631342,West,PUN001,1359546,764093,Net 15,2015-03-03,2018-10-22,1137079,4
C0286,Dealer,Construction,Chennai,Tamil Nadu,627496,South,CHN001,168144,158029,Net 30,2019-08-31,2022-08-19,319122,2
C0287,Dealer,Manufacturing,Chennai,Tamil Nadu,632433,South,CHN001,208477,196469,Net 60,2018-12-09,2023-07-15,4379591,4
C0288,Dealer,Infrastructure,Delhi,Delhi,955440,North,DEL001,279745,19656,Net 30,2017-02-11,2024-06-20,1107835,3
C0289,Corporate,Logistics,Hyderabad,Telangana,346070,South,HYD001,600072,472573,Net 15,2024-09-24,2024-11-15,1462501,2
C0290,Corporate,Construction,Ahmedabad,Gujarat,304316,West,AHM001,506218,233450,Advance,2020-12-06,2021-05-31,2970937,3
C0291,Retail,Construction,Hyderabad,Telangana,725514,South,HYD001,34183,21689,Advance,2020-04-30,2021-03-30,4694950,2
C0292,Corporate,Rental,Indore,Madhya Pradesh,356255,Central,AHM001,627266,572987,Net 15,2024-05-23,2024-06-24,3685338,2
C0293,Dealer,Logistics,Pune,Maharashtra,869457,West,PUN001,304956,217813,Net 30,2021-06-02,2023-03-09,2310586,3
C0294,Government,Infrastructure,Hyderabad,Telangana,943042,South,HYD001,826435,405286,Net 45,2018-10-22,2020-05-18,2970644,4
C0295,Corporate,Mining,Kolkata,West Bengal,726520,East,KOL001,789992,559779,Net 45,2015-11-02,2020-06-26,2521442,5
C0296,Corporate,Manufacturing,Kolkata,West Bengal,514602,East,KOL001,361733,33627,Net 60,2018-09-16,2022-03-25,1432327,2
C0297,Fleet Owner,Rental,Chennai,Tamil Nadu,916396,South,CHN001,333899,295884,Net 15,2019-09-07,2024-01-07,607304,3
C0298,Fleet Owner,Construction,Chennai,Tamil Nadu,733362,South,CHN001,229813,62180,Advance,2021-04-18,2024-02-08,4265849,4
C0299,Retail,Logistics,Bengaluru,Karnataka,209634,South,CHN001,36717,4107,Advance,2015-10-31,2016-05-05,3002161,1
C0300,Dealer,Mining,Delhi,Delhi,230329,North,DEL001,121112,70050,Net 15,2017-11-22,2023-11-13,1534872,1
C0301,Dealer,Mining,Ranchi,Jharkhand,724245,East,KOL001,388632,1511,Advance,2023-08-11,2024-09-27,3371303,5
C0302,Fleet Owner,Mining,Ahmedabad,Gujarat,501055,West,AHM001,698314,539240,Net 15,2024-07-26,2024-08-10,951040,1
C0303,Corporate,Mining,Ahmedabad,Gujarat,483515,West,AHM001,323564,38655,Net 45,2016-05-12,2019-03-09,3123132,3
C0304,Dealer,Construction,Delhi,Delhi,948084,North,DEL001,177177,155235,Net 60,2015-05-13,2022-01-31,4407636,5
C0305,Fleet Owner,Logistics,Delhi,Delhi,525669,North,DEL001,702965,105968,Net 15,2017-05-14,2022-08-09,628679,3
C0306,Fleet Owner,Manufacturing,Kolkata,West Bengal,184147,East,KOL001,126541,117140,Net 30,2022-10-11,2024-04-24,3481035,1
C0307,Dealer,Manufacturing,Ahmedabad,Gujarat,105988,West,AHM001,302503,100600,Net 15,2018-03-10,2020-09-25,1605703,1
C0308,Retail,Mining,Delhi,Delhi,231014,North,DEL001,23387,13502,Net 60,2021-05-28,2024-08-13,832525,3
C0309,Government,Manufacturing,Ahmedabad,Gujarat,379741,West,AHM001,618080,43088,Net 45,2017-10-12,2020-11-18,400242,4
C0310,Government,Infrastructure,Patna,Bihar,743977,East,CHN001,735405,630621,Net 30,2021-11-23,2024-12-09,1562196,4
C0311,Government,Infrastructure,Chandigarh,Punjab,618949,North,DEL001,1148922,76276,Net 45,2017-11-07,2022-11-16,110309,4
C0312,Government,Construction,Vadodara,Gujarat,125377,West,PUN001,673691,616166,Net 45,2023-10-19,2024-09-02,3569502,4
C0313,Corporate,Mining,Ahmedabad,Gujarat,942388,West,AHM001,821603,658403,Net 60,2017-08-06,2024-12-06,4863029,1
C0314,Retail,Logistics,Kolkata,West Bengal,959530,East,KOL001,10952,8769,Net 15,2018-12-20,2021-12-18,3630561,1
C0315,Dealer,Rental,Surat,Gujarat,280156,West,AHM001,407774,313009,Net 45,2023-06-30,2023-09-23,1772747,4
C0316,Dealer,Manufacturing,Kolkata,West Bengal,739893,East,KOL001,254996,128290,Net 45,2024-09-06,2024-12-07,4492268,4
C0317,Corporate,Manufacturing,Coimbatore,Tamil Nadu,824683,South,HYD001,228417,52279,Net 60,2018-01-11,2020-06-11,4843191,3
C0318,Corporate,Logistics,Delhi,Delhi,101120,North,DEL001,973000,403649,Net 45,2021-12-10,2024-09-01,4078216,3
C0319,Dealer,Mining,Bengaluru,Karnataka,542765,South,KOL001,396406,88680,Net 30,2020-04-20,2021-12-18,289733,5
C0320,Retail,Construction,Delhi,Delhi,484803,North,DEL001,16859,8363,Net 60,2015-04-28,2024-08-31,1584116,1
C0321,Retail,Logistics,Hyderabad,Telangana,697931,South,HYD001,33291,18767,Net 60,2015-11-22,2018-06-24,4937062,2
C0322,Government,Construction,Ahmedabad,Gujarat,282070,West,AHM001,975830,17767,Net 60,2022-12-13,2023-10-19,3366371,2
C0323,Government,Manufacturing,Ahmedabad,Gujarat,536440,West,AHM001,717071,189451,Advance,2019-11-28,2021-10-16,2609312,2
C0324,Corporate,Mining,Chennai,Tamil Nadu,251860,South,CHN001,384819,150633,Net 45,2019-11-10,2024-02-29,639623,5
C0325,Corporate,Rental,Kolkata,West Bengal,528110,East,KOL001,811959,363532,Net 30,2023-01-20,2023-09-07,3922336,3
C0326,Government,Mining,Kolkata,West Bengal,186526,East,KOL001,1143072,798334,Advance,2016-08-31,2020-04-22,885832,4
C0327,Retail,Mining,Vadodara,Gujarat,351735,West,AHM001,37994,22697,Net 15,2017-04-28,2022-12-28,3736074,1
C0328,Government,Rental,Kolkata,West Bengal,969544,East,KOL001,1177052,510972,Net 45,2015-07-31,2023-03-17,4806204,4
C0329,Dealer,Infrastructure,Indore,Madhya Pradesh,824175,Central,PUN001,434298,220404,Net 45,2021-08-04,2024-09-18,3434326,1
C0330,Retail,Infrastructure,Bhubaneswar,Odisha,894006,East,KOL001,41835,63,Net 30,2019-12-31,2022-05-02,963946,3
C0331,Dealer,Logistics,Delhi,Delhi,514309,North,DEL001,270715,127398,Net 45,2016-10-17,2024-07-25,2884173,2
C0332,Corporate,Mining,Bengaluru,Karnataka,161708,South,HYD001,545215,438695,Net 45,2019-04-24,2020-11-14,720896,1
C0333,Corporate,Mining,Hyderabad,Telangana,611817,South,HYD001,523789,445736,Net 15,2019-06-10,2024-01-01,631843,3
C0334,Corporate,Mining,Chennai,Tamil Nadu,227160,South,CHN001,681229,142562,Net 15,2019-12-27,2020-05-13,2075423,5
C0335,Government,Infrastructure,Guwahati,Assam,559589,North East,PUN001,989169,722277,Net 15,2017-09-19,2018-09-25,1754965,5
C0336,Government,Rental,Kolkata,West Bengal,111084,East,KOL001,1317175,577628,Net 15,2019-10-05,2022-11-27,4124476,5
C0337,Corporate,Manufacturing,Delhi,Delhi,437427,North,DEL001,713111,101691,Advance,2016-02-18,2020-08-17,2363918,2
C0338,Corporate,Rental,Ahmedabad,Gujarat,458971,West,AHM001,849500,770295,Net 60,2022-12-13,2023-01-07,1385118,4
C0339,Fleet Owner,Logistics,Chennai,Tamil Nadu,805550,South,CHN001,121781,76116,Advance,2016-12-05,2024-01-16,2608540,2
C0340,Government,Mining,Hyderabad,Telangana,821548,South,HYD001,610937,228953,Net 30,2022-06-03,2023-08-06,3763797,3
C0341,Fleet Owner,Mining,Delhi,Delhi,555933,North,DEL001,303484,207197,Net 45,2021-08-02,2023-05-06,4561326,5
C0342,Dealer,Infrastructure,Delhi,Delhi,631538,North,DEL001,104911,39842,Net 45,2023-12-14,2024-07-07,4643507,5
C0343,Corporate,Construction,Pune,Maharashtra,675536,West,PUN001,994769,993939,Advance,2018-02-15,2024-02-11,1163369,1
C0344,Fleet Owner,Mining,Mumbai,Maharashtra,526863,West,CHN001,508890,439948,Net 30,2016-03-27,2017-06-16,1013188,2
C0345,Retail,Infrastructure,Pune,Maharashtra,505943,West,PUN001,31532,26687,Net 30,2021-04-14,2021-09-01,901015,2
C0346,Retail,Construction,Patna,Bihar,630595,East,HYD001,30962,26154,Advance,2021-11-28,2022-11-09,4661130,3
C0347,Retail,Mining,Delhi,Delhi,116696,North,DEL001,33854,16481,Net 45,2020-08-17,2022-11-08,2632076,4
C0348,Retail,Logistics,Delhi,Delhi,393037,North,DEL001,32723,11641,Net 60,2024-06-25,2024-11-29,1059419,2
C0349,Corporate,Rental,Ahmedabad,Gujarat,238156,West,AHM001,505172,308946,Advance,2018-12-07,2020-05-26,4461026,1
C0350,Dealer,Logistics,Guwahati,Assam,186321,North East,AHM001,386127,5509,Net 45,2015-09-26,2016-02-02,94708,2
C0351,Corporate,Rental,Bhubaneswar,Odisha,396175,East,CHN001,483031,235148,Advance,2018-11-13,2024-08-19,4716013,1
C0352,Corporate,Mining,Bengaluru,Karnataka,562244,South,KOL001,729658,322307,Net 45,2016-08-01,2021-11-27,862834,1
C0353,Dealer,Manufacturing,Delhi,Delhi,180634,North,DEL001,275021,20542,Net 60,2019-10-20,2022-04-13,3081421,1
C0354,Corporate,Logistics,Hyderabad,Telangana,622667,South,HYD001,261489,79839,Advance,2023-07-15,2024-09-12,4359978,2
C0355,Government,Infrastructure,Hyderabad,Telangana,242948,South,HYD001,917399,657955,Net 45,2022-12-05,2024-12-01,1127385,4
C0356,Dealer,Mining,Bhubaneswar,Odisha,371505,East,DEL001,277333,232370,Net 45,2024-02-02,2024-12-21,311370,2
C0357,Corporate,Mining,Ahmedabad,Gujarat,530346,West,AHM001,573217,397222,Net 15,2023-11-20,2024-10-10,1701727,2
C0358,Government,Infrastructure,Pune,Maharashtra,132835,West,PUN001,1086668,719489,Net 15,2019-07-20,2023-10-03,392225,4
C0359,Fleet Owner,Mining,Hyderabad,Telangana,381808,South,HYD001,413735,90805,Net 45,2019-09-19,2020-09-11,264385,3
C0360,Dealer,Construction,Ahmedabad,Gujarat,794474,West,AHM001,433677,398778,Net 45,2020-06-09,2022-01-16,2823421,5
C0361,Government,Logistics,Hyderabad,Telangana,967042,South,HYD001,623046,455127,Net 45,2019-04-10,2021-09-21,3336568,5
C0362,Corporate,Rental,Vadodara,Gujarat,569707,West,AHM001,814512,9547,Net 15,2015-11-20,2019-06-13,4484070,1
C0363,Fleet Owner,Logistics,Visakhapatnam,Andhra Pradesh,460057,South,AHM001,384777,224253,Advance,2022-03-17,2024-01-13,3463797,5
C0364,Government,Infrastructure,Kolkata,West Bengal,777183,East,KOL001,615436,402232,Net 30,2023-01-20,2023-07-22,4316483,5
C0365,Government,Manufacturing,Kolkata,West Bengal,395894,East,KOL001,617154,362148,Net 60,2019-05-16,2023-03-01,196814,1
C0366,Corporate,Logistics,Kolkata,West Bengal,114252,East,KOL001,429866,27962,Advance,2015-02-22,2021-01-29,4089731,4
C0367,Fleet Owner,Logistics,Chennai,Tamil Nadu,958847,South,CHN001,747445,501548,Net 60,2018-09-01,2022-11-21,988569,2
C0368,Fleet Owner,Construction,Chennai,Tamil Nadu,981995,South,CHN001,234723,90488,Advance,2022-08-02,2024-08-13,1002432,1
C0369,Government,Manufacturing,Pune,Maharashtra,699016,West,PUN001,1482938,332815,Net 15,2021-11-05,2023-02-28,3175792,1
C0370,Corporate,Infrastructure,Kolkata,West Bengal,289252,East,KOL001,375748,373898,Net 30,2020-09-24,2023-11-09,4328875,4
C0371,Retail,Rental,Hyderabad,Telangana,829544,South,HYD001,20028,141,Net 15,2020-09-09,2023-07-01,804387,3
C0372,Government,Logistics,Hyderabad,Telangana,944412,South,HYD001,778200,681891,Net 60,2021-06-14,2022-01-23,568927,4
C0373,Corporate,Manufacturing,Hyderabad,Telangana,211443,South,HYD001,502349,395823,Net 15,2024-07-02,2024-08-31,457880,3
C0374,Corporate,Manufacturing,Pune,Maharashtra,371503,West,PUN001,309830,45731,Net 30,2015-07-21,2023-10-27,1066729,5
C0375,Fleet Owner,Mining,Surat,Gujarat,747486,West,PUN001,243350,85892,Net 60,2016-10-07,2018-05-22,272234,1
C0376,Retail,Construction,Delhi,Delhi,369163,North,DEL001,37739,31805,Net 30,2023-01-27,2024-12-03,1560923,5
C0377,Dealer,Logistics,Nagpur,Maharashtra,975750,West,CHN001,162271,99916,Net 45,2017-12-26,2019-12-25,299004,3
C0378,Retail,Manufacturing,Delhi,Delhi,664791,North,DEL001,45130,31976,Advance,2023-03-23,2023-03-27,2167716,4
C0379,Retail,Mining,Vadodara,Gujarat,532220,West,CHN001,22642,8448,Advance,2017-11-11,2021-05-22,2718893,3
C0380,Fleet Owner,Manufacturing,Hyderabad,Telangana,909623,South,HYD001,343972,250436,Net 45,2021-04-03,2022-03-27,2742927,5
C0381,Corporate,Mining,Chennai,Tamil Nadu,759741,South,CHN001,571520,435086,Advance,2016-05-04,2024-05-29,1861892,4
C0382,Retail,Manufacturing,Hyderabad,Telangana,128494,South,HYD001,41306,34329,Advance,2023-07-15,2023-09-08,2962702,3
C0383,Fleet Owner,Infrastructure,Lucknow,Uttar Pradesh,967041,North,PUN001,316263,124305,Net 15,2017-07-16,2021-04-16,2138070,5
C0384,Retail,Construction,Chennai,Tamil Nadu,151838,South,CHN001,30122,4580,Net 45,2019-06-21,2022-04-04,3277832,3
C0385,Corporate,Manufacturing,Ahmedabad,Gujarat,831448,West,AHM001,406137,295086,Net 45,2024-06-10,2024-09-20,2792441,2
C0386,Retail,Construction,Delhi,Delhi,814379,North,DEL001,31717,8568,Net 30,2017-05-03,2017-07-18,3157134,4
C0387,Dealer,Infrastructure,Kolkata,West Bengal,938462,East,KOL001,111501,60386,Net 45,2022-01-01,2022-01-25,4188647,4
C0388,Fleet Owner,Infrastructure,Pune,Maharashtra,804216,West,PUN001,780698,677920,Advance,2020-05-15,2021-08-02,3970952,5
C0389,Retail,Mining,Surat,Gujarat,569904,West,AHM001,34342,20256,Advance,2019-06-05,2019-07-29,1909827,5
C0390,Fleet Owner,Construction,Delhi,Delhi,545717,North,DEL001,220350,71369,Advance,2024-04-16,2024-05-09,2393519,3
C0391,Government,Construction,Ahmedabad,Gujarat,399328,West,AHM001,624393,239160,Net 60,2022-02-23,2022-10-30,3997258,3
C0392,Fleet Owner,Logistics,Kolkata,West Bengal,349958,East,KOL001,465583,265735,Net 60,2015-02-15,2017-12-06,2498913,2
C0393,Retail,Rental,Kolkata,West Bengal,710033,East,KOL001,41273,8717,Net 15,2019-04-04,2022-05-27,2091644,3
C0394,Government,Construction,Hyderabad,Telangana,575418,South,HYD001,685435,586864,Net 45,2023-09-30,2024-10-12,1574495,4
C0395,Corporate,Manufacturing,Kolkata,West Bengal,278170,East,KOL001,680072,209294,Net 45,2016-02-29,2021-05-19,4995587,1
C0396,Government,Manufacturing,Ahmedabad,Gujarat,848000,West,AHM001,753812,37466,Net 45,2019-03-19,2022-10-04,875393,2
C0397,Fleet Owner,Mining,Ahmedabad,Gujarat,792218,West,AHM001,685521,640617,Net 30,2015-04-10,2021-09-24,4895948,3
C0398,Government,Rental,Hyderabad,Telangana,653460,South,HYD001,1207145,1061185,Net 30,2021-10-16,2022-01-04,2209695,5
C0399,Fleet Owner,Rental,Chennai,Tamil Nadu,171900,South,CHN001,384480,12371,Advance,2015-01-07,2016-11-10,2084256,3
C0400,Government,Infrastructure,Delhi,Delhi,905849,North,DEL001,1018688,799757,Net 60,2019-04-19,2020-05-24,1230986,5
C0401,Government,Logistics,Guwahati,Assam,734810,North East,DEL001,1066548,57200,Net 60,2015-02-06,2023-01-30,1792691,1
C0402,Fleet Owner,Rental,Hyderabad,Telangana,671193,South,HYD001,599112,461073,Net 15,2018-03-04,2023-11-30,4233503,1
C0403,Government,Construction,Kolkata,West Bengal,844819,East,KOL001,954046,440000,Advance,2018-09-25,2021-02-18,4186259,4
C0404,Government,Mining,Ahmedabad,Gujarat,673761,West,AHM001,1177246,346690,Net 30,2019-03-04,2023-01-20,627722,5
C0405,Corporate,Infrastructure,Pune,Maharashtra,351843,West,PUN001,216557,212474,Net 30,2022-12-16,2024-04-18,408152,3
C0406,Dealer,Logistics,Pune,Maharashtra,281839,West,PUN001,229106,158033,Advance,2024-05-22,2024-06-18,1559003,3
C0407,Dealer,Logistics,Hyderabad,Telangana,748301,South,HYD001,379116,62934,Net 45,2019-07-21,2021-07-21,688697,2
C0408,Government,Infrastructure,Hyderabad,Telangana,356262,South,HYD001,1461198,1221928,Net 60,2021-01-20,2022-02-13,403552,4
C0409,Government,Logistics,Pune,Maharashtra,350465,West,PUN001,990136,859423,Net 45,2023-01-24,2023-05-12,4815446,1
C0410,Corporate,Mining,Hyderabad,Telangana,540969,South,HYD001,320500,286790,Net 30,2015-02-01,2018-01-04,3632574,4
C0411,Corporate,Mining,Hyderabad,Telangana,757174,South,HYD001,621936,347662,Advance,2021-10-14,2024-12-02,1574673,5
C0412,Corporate,Infrastructure,Kolkata,West Bengal,285860,East,KOL001,699539,571001,Net 45,2019-07-22,2024-05-18,4934990,3
C0413,Fleet Owner,Manufacturing,Chennai,Tamil Nadu,390643,South,CHN001,225464,22974,Net 15,2021-08-22,2024-09-16,388060,1
C0414,Dealer,Construction,Chennai,Tamil Nadu,942860,South,CHN001,252548,96330,Net 30,2017-04-17,2021-09-17,1626969,4
C0415,Government,Infrastructure,Guwahati,Assam,834035,North East,PUN001,870771,121474,Net 30,2016-01-03,2022-07-30,2126104,1
C0416,Dealer,Manufacturing,Chennai,Tamil Nadu,626893,South,CHN001,498960,179763,Net 30,2023-12-03,2024-02-25,4787771,2
C0417,Fleet Owner,Mining,Kolkata,West Bengal,858752,East,KOL001,587793,383902,Advance,2019-10-01,2021-01-13,4991661,3
C0418,Government,Mining,Pune,Maharashtra,808787,West,PUN001,1185942,749861,Net 15,2015-12-25,2020-07-08,2816762,4
C0419,Fleet Owner,Logistics,Mumbai,Maharashtra,711113,West,AHM001,344338,246613,Net 45,2020-02-06,2020-08-25,4638683,1
C0420,Retail,Rental,Chennai,Tamil Nadu,641521,South,CHN001,44758,199,Net 30,2017-01-26,2023-03-03,1554091,3
C0421,Retail,Construction,Chennai,Tamil Nadu,413643,South,CHN001,35710,11463,Net 30,2015-03-28,2021-12-01,1317297,3
C0422,Government,Construction,Hyderabad,Telangana,624787,South,HYD001,858335,605029,Net 60,2020-04-12,2020-05-20,4173268,5
C0423,Dealer,Infrastructure,Visakhapatnam,Andhra Pradesh,409576,South,DEL001,234222,160010,Net 60,2016-10-12,2020-04-03,1062632,3
C0424,Retail,Construction,Ahmedabad,Gujarat,651216,West,AHM001,28345,28072,Net 45,2018-04-26,2019-10-13,3775398,4
C0425,Dealer,Manufacturing,Chennai,Tamil Nadu,674959,South,CHN001,197706,90771,Net 30,2015-01-07,2017-12-18,2378207,3
C0426,Dealer,Infrastructure,Guwahati,Assam,352162,North East,KOL001,332893,19372,Net 45,2021-01-24,2023-09-28,1573751,1
C0427,Corporate,Mining,Vadodara,Gujarat,632046,West,HYD001,334941,5247,Net 60,2017-01-21,2022-03-22,1626332,3
C0428,Retail,Construction,Delhi,Delhi,150801,North,DEL001,39509,3190,Net 60,2021-12-17,2022-08-31,245048,4
C0429,Fleet Owner,Logistics,Ahmedabad,Gujarat,212398,West,AHM001,375146,303392,Net 45,2022-09-30,2023-11-20,3622176,3
C0430,Retail,Manufacturing,Nagpur,Maharashtra,189764,West,KOL001,10552,5942,Net 15,2016-04-16,2019-03-07,3308435,5
C0431,Government,Logistics,Nagpur,Maharashtra,137213,West,PUN001,1284393,789154,Net 30,2021-07-27,2023-11-27,2814110,5
C0432,Fleet Owner,Mining,Hyderabad,Telangana,833647,South,HYD001,378549,339143,Net 30,2020-12-24,2021-06-07,4357607,3
C0433,Dealer,Infrastructure,Chandigarh,Punjab,603034,North,AHM001,448175,226491,Net 60,2020-02-21,2021-01-19,121463,3
C0434,Corporate,Mining,Indore,Madhya Pradesh,234202,Central,KOL001,437713,377663,Net 15,2020-10-07,2022-02-24,4961157,4
C0435,Dealer,Manufacturing,Chennai,Tamil Nadu,569102,South,CHN001,393189,129432,Net 45,2021-05-15,2021-08-16,701652,4
C0436,Fleet Owner,Logistics,Kolkata,West Bengal,459869,East,KOL001,550408,500938,Net 30,2020-08-19,2021-05-04,1822714,3
C0437,Dealer,Mining,Nagpur,Maharashtra,877252,West,HYD001,235226,34472,Net 30,2023-12-27,2024-10-01,346443,3
C0438,Corporate,Rental,Kolkata,West Bengal,987618,East,KOL001,482026,171913,Net 30,2021-09-19,2021-09-29,2716296,2
C0439,Dealer,Construction,Visakhapatnam,Andhra Pradesh,906253,South,CHN001,280679,62281,Net 30,2018-01-12,2023-03-12,4171713,5
C0440,Retail,Manufacturing,Hyderabad,Telangana,800945,South,HYD001,17475,3995,Net 30,2021-04-23,2022-04-06,1601620,5
C0441,Dealer,Construction,Lucknow,Uttar Pradesh,616222,North,PUN001,261833,189019,Net 60,2016-05-31,2017-03-05,2798679,2
C0442,Dealer,Logistics,Kolkata,West Bengal,133465,East,KOL001,440207,114258,Net 15,2017-08-29,2017-12-31,1948504,3
C0443,Dealer,Infrastructure,Kolkata,West Bengal,256997,East,KOL001,466614,183013,Net 30,2022-04-25,2024-12-13,4120697,1
C0444,Dealer,Manufacturing,Chennai,Tamil Nadu,781461,South,CHN001,403967,96858,Net 30,2022-08-26,2023-11-05,1419058,1
C0445,Government,Mining,Kolkata,West Bengal,941171,East,KOL001,1283660,253336,Net 60,2024-01-15,2024-04-10,3766110,2
C0446,Retail,Logistics,Visakhapatnam,Andhra Pradesh,226738,South,HYD001,25401,2338,Advance,2019-09-19,2024-08-14,3007708,1
C0447,Fleet Owner,Rental,Kolkata,West Bengal,832162,East,KOL001,659733,93235,Net 15,2020-03-08,2020-09-02,336094,2
C0448,Fleet Owner,Logistics,Kolkata,West Bengal,959016,East,KOL001,796652,544307,Net 45,2018-06-29,2020-05-24,935865,4
C0449,Fleet Owner,Logistics,Surat,Gujarat,149947,West,KOL001,359802,296904,Net 45,2022-12-31,2023-12-10,261364,3
C0450,Fleet Owner,Construction,Kolkata,West Bengal,203553,East,KOL001,139226,122462,Advance,2016-01-12,2024-03-15,2837322,5
C0451,Government,Manufacturing,Ranchi,Jharkhand,168405,East,KOL001,1083798,936832,Advance,2021-11-19,2023-09-20,529936,3
C0452,Fleet Owner,Mining,Hyderabad,Telangana,242679,South,HYD001,362507,335242,Advance,2018-09-19,2022-08-24,4909073,1
C0453,Dealer,Mining,Ranchi,Jharkhand,889634,East,CHN001,158610,20082,Net 30,2017-08-01,2022-07-21,3305545,3
C0454,Government,Mining,Pune,Maharashtra,273845,West,PUN001,797861,13824,Net 15,2018-10-19,2024-05-09,1292697,3
C0455,Retail,Logistics,Indore,Madhya Pradesh,290117,Central,PUN001,12300,6971,Advance,2018-09-12,2022-05-26,4201357,1
C0456,Corporate,Mining,Delhi,Delhi,646052,North,DEL001,265102,71426,Advance,2015-02-13,2015-04-30,4362390,4
C0457,Retail,Manufacturing,Kolkata,West Bengal,414169,East,KOL001,16374,15438,Net 15,2017-08-16,2018-07-27,2625306,4
C0458,Dealer,Manufacturing,Ahmedabad,Gujarat,724724,West,AHM001,162635,61520,Advance,2022-10-15,2023-11-23,999895,4
C0459,Retail,Logistics,Ranchi,Jharkhand,788682,East,PUN001,16763,15429,Net 45,2019-12-24,2020-03-13,1977146,5
C0460,Dealer,Logistics,Coimbatore,Tamil Nadu,642019,South,DEL001,143749,30133,Net 60,2023-03-13,2023-03-28,3844361,1
C0461,Corporate,Infrastructure,Delhi,Delhi,405504,North,DEL001,965128,447317,Net 45,2018-02-10,2018-05-31,525948,5
C0462,Retail,Logistics,Chennai,Tamil Nadu,592853,South,CHN001,22565,9458,Net 15,2015-07-20,2018-02-20,1592080,5
C0463,Dealer,Mining,Nagpur,Maharashtra,106100,West,AHM001,325255,17271,Net 15,2023-09-22,2024-09-15,4726488,4
C0464,Corporate,Infrastructure,Lucknow,Uttar Pradesh,139640,North,AHM001,703261,194204,Net 45,2023-08-08,2024-12-07,242924,1
C0465,Fleet Owner,Mining,Chennai,Tamil Nadu,981718,South,CHN001,573243,248521,Net 30,2021-11-07,2023-11-19,2678659,1
C0466,Retail,Manufacturing,Bengaluru,Karnataka,459421,South,DEL001,17753,15154,Advance,2019-01-08,2022-09-19,4784563,3
C0467,Retail,Construction,Delhi,Delhi,627755,North,DEL001,10621,1167,Net 15,2023-09-29,2024-04-02,4207968,5
C0468,Fleet Owner,Rental,Hyderabad,Telangana,812177,South,HYD001,531281,35084,Net 60,2019-07-20,2020-07-17,420080,1
C0469,Government,Manufacturing,Chandigarh,Punjab,384322,North,KOL001,959081,324787,Net 45,2017-05-20,2020-09-16,2290260,1
C0470,Government,Mining,Chennai,Tamil Nadu,838393,South,CHN001,1219925,949663,Net 45,2016-05-16,2020-07-11,3752951,1
C0471,Fleet Owner,Logistics,Ahmedabad,Gujarat,462221,West,AHM001,601565,128183,Advance,2017-02-24,2021-10-27,2804068,5
C0472,Dealer,Manufacturing,Coimbatore,Tamil Nadu,588960,South,CHN001,475653,77024,Net 45,2020-10-07,2022-01-20,1353266,4
C0473,Government,Rental,Chennai,Tamil Nadu,344768,South,CHN001,1339337,1213028,Net 45,2019-02-26,2024-12-18,1768551,3
C0474,Government,Logistics,Pune,Maharashtra,953442,West,PUN001,697497,64747,Net 45,2022-11-30,2024-06-02,2498314,3
C0475,Fleet Owner,Construction,Kolkata,West Bengal,549466,East,KOL001,306605,272802,Net 45,2023-02-24,2024-07-18,4699729,3
C0476,Fleet Owner,Infrastructure,Delhi,Delhi,249853,North,DEL001,209985,8474,Net 60,2021-08-31,2023-06-28,1741427,3
C0477,Government,Construction,Ahmedabad,Gujarat,572082,West,AHM001,831717,641227,Net 15,2021-01-03,2022-06-28,3994472,5
C0478,Retail,Rental,Delhi,Delhi,915301,North,DEL001,15416,13473,Net 30,2019-06-16,2023-10-29,2770541,1
C0479,Retail,Construction,Mumbai,Maharashtra,695707,West,KOL001,41285,5051,Net 45,2020-10-13,2020-12-10,2887191,1
C0480,Government,Infrastructure,Mumbai,Maharashtra,962166,West,AHM001,635943,336455,Net 45,2017-06-14,2023-09-28,1350398,3
C0481,Corporate,Logistics,Chennai,Tamil Nadu,392486,South,CHN001,437015,243932,Net 30,2016-07-19,2017-01-26,423097,5
C0482,Fleet Owner,Logistics,Kolkata,West Bengal,992993,East,KOL001,285819,265924,Net 60,2018-05-29,2024-01-18,2411675,1
C0483,Corporate,Rental,Delhi,Delhi,452375,North,DEL001,511858,312732,Advance,2018-10-10,2023-02-06,3214996,1
C0484,Fleet Owner,Mining,Ahmedabad,Gujarat,104262,West,AHM001,773172,383774,Net 60,2019-07-31,2020-11-23,4451737,1
C0485,Fleet Owner,Rental,Pune,Maharashtra,625727,West,PUN001,581553,485739,Net 60,2024-08-15,2024-10-10,84905,1
C0486,Government,Manufacturing,Pune,Maharashtra,244129,West,PUN001,670285,64946,Advance,2016-07-30,2023-12-08,2755167,2
C0487,Dealer,Mining,Visakhapatnam,Andhra Pradesh,414024,South,DEL001,346606,25749,Net 15,2015-07-27,2019-07-24,4830357,1
C0488,Government,Construction,Chennai,Tamil Nadu,586190,South,CHN001,1281429,1043182,Advance,2017-09-05,2019-05-24,2740234,1
C0489,Fleet Owner,Rental,Chennai,Tamil Nadu,160532,South,CHN001,594359,581546,Net 30,2019-03-26,2019-04-17,4594315,5
C0490,Government,Logistics,Pune,Maharashtra,489156,West,PUN001,1262928,379981,Net 30,2021-12-26,2023-10-31,4886384,3
C0491,Dealer,Infrastructure,Chennai,Tamil Nadu,436139,South,CHN001,312699,2744,Net 60,2015-11-26,2021-05-02,4494339,1
C0492,Dealer,Rental,Ranchi,Jharkhand,287543,East,HYD001,442676,48242,Net 60,2021-08-03,2023-04-11,639305,1
C0493,Retail,Construction,Chennai,Tamil Nadu,670988,South,CHN001,18646,17697,Advance,2015-10-12,2023-08-28,4032900,3
C0494,Corporate,Construction,Ranchi,Jharkhand,803415,East,CHN001,704926,188070,Net 45,2018-09-27,2023-03-13,1758548,2
C0495,Fleet Owner,Infrastructure,Jaipur,Rajasthan,230787,North,AHM001,414484,135441,Net 45,2021-12-15,2024-03-13,3329745,2
C0496,Government,Infrastructure,Bhubaneswar,Odisha,580062,East,PUN001,993386,256383,Net 15,2018-10-05,2019-03-17,370484,5
C0497,Government,Logistics,Chennai,Tamil Nadu,126210,South,CHN001,764082,310133,Net 45,2022-07-11,2024-03-30,4105501,3
C0498,Fleet Owner,Construction,Kolkata,West Bengal,530973,East,KOL001,502514,14738,Net 30,2017-01-31,2018-05-24,4646928,3
C0499,Corporate,Construction,Bhubaneswar,Odisha,540384,East,PUN001,598104,54844,Advance,2024-11-14,2024-12-16,2761205,5
C0500,Corporate,Infrastructure,Kolkata,West Bengal,213087,East,KOL001,483892,363569,Net 30,2023-07-16,2024-07-13,4130766,3
